"Track","Week","Week title","Trainees tested","Trainees passed","Graded attempts","Fails","Average score %"
"29 CFR 1926","1","Introduction to OSHA 1926 & Worker Rights","6","6","6","0","88.3"
"29 CFR 1926","2","General Safety and Health Provisions","5","3","6","3","73.3"
"29 CFR 1926","3","Personal Protective Equipment","4","2","6","4","58.3"
"29 CFR 1926","4","Construction Site Communication","4","3","5","2","80"
"29 CFR 1926","5","Site Planning and Setup","3","1","3","2","76.7"
"29 CFR 1926","6","Fire Prevention and Protection","1","1","1","0","100"
"29 CFR 1926","7","Material Handling and Storage","1","1","1","0","90"
"29 CFR 1926","8","Hand and Power Tools","1","1","1","0","100"
"29 CFR 1926","9","Heavy Equipment Operation","1","0","1","1","70"
"29 CFR 1926","10","Mobile Scaffolding and Work Platforms","0","0","0","0",""
"29 CFR 1926","11","Fall Protection Basics","0","0","0","0",""
"29 CFR 1926","12","Ladder Safety","0","0","0","0",""
"29 CFR 1926","13","Scaffolding Safety","0","0","0","0",""
"29 CFR 1926","14","Steel Erection Safety","0","0","0","0",""
"29 CFR 1926","15","Electrical Safety Fundamentals","0","0","0","0",""
"29 CFR 1926","16","Lockout and Tagging of Circuits (Construction)","0","0","0","0",""
"29 CFR 1926","17","Excavation Safety Basics","0","0","0","0",""
"29 CFR 1926","18","Trenching Protection Systems","0","0","0","0",""
"29 CFR 1926","19","Confined Space Entry","0","0","0","0",""
"29 CFR 1926","20","Demolition Safety","0","0","0","0",""
"29 CFR 1926","21","Crane Operations - Setup and Planning","0","0","0","0",""
"29 CFR 1926","22","Crane Operations - Lift Planning","0","0","0","0",""
"29 CFR 1926","23","Concrete and Masonry - Forms and Shoring","0","0","0","0",""
"29 CFR 1926","24","Concrete and Masonry - Reinforcement","0","0","0","0",""
"29 CFR 1926","25","Welding and Cutting - Basic Safety","0","0","0","0",""
"29 CFR 1926","26","Welding and Cutting - Special Processes","0","0","0","0",""
"29 CFR 1926","27","Hazardous Materials - Identification","0","0","0","0",""
"29 CFR 1926","28","Hazardous Materials - Handling and Storage","0","0","0","0",""
"29 CFR 1926","29","Respiratory Protection","0","0","0","0",""
"29 CFR 1926","30","Noise Exposure and Hearing Conservation","0","0","0","0",""
"29 CFR 1926","31","Power Transmission and Distribution","0","0","0","0",""
"29 CFR 1926","32","Pile Driving and Site Clearing","0","0","0","0",""
"29 CFR 1926","33","Underground Construction","0","0","0","0",""
"29 CFR 1926","34","Aerial Lifts","0","0","0","0",""
"29 CFR 1926","35","Gases, Vapors, Fumes, Dusts, Mists, and Ventilation","0","0","0","0",""
"29 CFR 1926","36","Silica Exposure Control","0","0","0","0",""
"29 CFR 1926","37","Lead Safety","0","0","0","0",""
"29 CFR 1926","38","Asbestos Awareness","0","0","0","0",""
"29 CFR 1926","39","Emergency Response Planning","0","0","0","0",""
"29 CFR 1926","40","Ionizing and Nonionizing Radiation","0","0","0","0",""
"29 CFR 1926","41","Stairways","0","0","0","0",""
"29 CFR 1926","42","Working Over or Near Water and Safety Nets","0","0","0","0",""
"29 CFR 1926","43","Rollover Protective Structures and Overhead Protection","0","0","0","0",""
"29 CFR 1926","44","Material and Personnel Hoists","0","0","0","0",""
"29 CFR 1926","45","Steel Erection: Controlled Decking Zones and Perimeter Protection","0","0","0","0",""
"29 CFR 1926","46","Fall Protection Training","0","0","0","0",""
"29 CFR 1926","47","Cranes: Power Line Safety","0","0","0","0",""
"29 CFR 1926","48","Injury and Illness Recordkeeping for Construction (Part 1904)","0","0","0","0",""
"29 CFR 1926","49","Hoisting Personnel with Cranes","0","0","0","0",""
"29 CFR 1926","50","Hazardous Waste Operations and Emergency Response (Construction)","0","0","0","0",""
"29 CFR 1926","51","Arc Welding and Cutting","0","0","0","0",""
"29 CFR 1926","52","Lift-Slab and Precast Construction","0","0","0","0",""
