"Attempt ID","Trainee","Track","Week","Week title","Submitted (America/Chicago)","Score %","Correct","Questions","Result","Practice","Content version"
"14","Sam Patel","29 CFR 1926","4","Construction Site Communication","10/04/2026, 18:25","70","7","10","Fail","Yes","8a1cf7fcabdd"
"12","Sam Patel","29 CFR 1926","2","General Safety and Health Provisions","10/04/2026, 18:25","60","6","10","Fail","No","6ee9f6b21634"
"11","Sam Patel","29 CFR 1926","3","Personal Protective Equipment","10/04/2026, 18:25","50","5","10","Fail","No","18d04d7a19ec"
"6","Alex Rivera","29 CFR 1926","4","Construction Site Communication","10/04/2026, 18:25","70","7","10","Fail","Yes","8a1cf7fcabdd"
"4","Alex Rivera","29 CFR 1926","2","General Safety and Health Provisions","10/04/2026, 18:25","60","6","10","Fail","No","6ee9f6b21634"
"3","Alex Rivera","29 CFR 1926","3","Personal Protective Equipment","10/04/2026, 18:25","50","5","10","Fail","No","18d04d7a19ec"
"15","Sam Patel","29 CFR 1926","5","Site Planning and Setup","10/03/2026, 18:25","70","7","10","Fail","No","f0687b57e0b6"
"7","Alex Rivera","29 CFR 1926","5","Site Planning and Setup","10/03/2026, 18:25","70","7","10","Fail","No","f0687b57e0b6"
"37","Priya Shah","29 CFR 1910","7","Walking-Working Surfaces and Ladders","10/03/2026, 15:44","50","6","12","Fail","No","f61e6d66b8e9"
"44","Lena Fischer","29 CFR 1910","2","Control of Hazardous Energy (Lockout/Tagout)","10/03/2026, 14:03","90.91","10","11","Pass","No","52cf60e55ea4"
"13","Sam Patel","29 CFR 1926","4","Construction Site Communication","10/02/2026, 18:25","100","10","10","Pass","No","8a1cf7fcabdd"
"10","Sam Patel","29 CFR 1926","3","Personal Protective Equipment","10/02/2026, 18:25","40","4","10","Fail","No","18d04d7a19ec"
"5","Alex Rivera","29 CFR 1926","4","Construction Site Communication","10/02/2026, 18:25","100","10","10","Pass","No","8a1cf7fcabdd"
"2","Alex Rivera","29 CFR 1926","3","Personal Protective Equipment","10/02/2026, 18:25","40","4","10","Fail","No","18d04d7a19ec"
"25","Maria Gonzalez","29 CFR 1926","9","Heavy Equipment Operation","10/02/2026, 18:23","70","7","10","Fail","No","e234a713bf29"
"41","Tom Nguyen","29 CFR 1926","1","Introduction to OSHA 1926 & Worker Rights","10/02/2026, 12:45","90","9","10","Pass","Yes","81adc541ce09"
"9","Sam Patel","29 CFR 1926","1","Introduction to OSHA 1926 & Worker Rights","10/01/2026, 18:25","90","9","10","Pass","No","81adc541ce09"
"1","Alex Rivera","29 CFR 1926","1","Introduction to OSHA 1926 & Worker Rights","10/01/2026, 18:25","90","9","10","Pass","No","81adc541ce09"
"30","Dwayne Brooks","29 CFR 1926","4","Construction Site Communication","10/01/2026, 13:59","60","6","10","Fail","No","8a1cf7fcabdd"
"16","Sam Patel","29 CFR 1910","1","Hazard Communication","09/29/2026, 18:25","100","10","10","Pass","No","cbd16152eeef"
"8","Alex Rivera","29 CFR 1910","1","Hazard Communication","09/29/2026, 18:25","100","10","10","Pass","No","cbd16152eeef"
"24","Maria Gonzalez","29 CFR 1926","8","Hand and Power Tools","09/29/2026, 15:10","100","10","10","Pass","No","c4666a41bd8c"
"36","Priya Shah","29 CFR 1910","6","Machine Guarding: Power Transmission, Abrasive Wheels, Presses","09/29/2026, 14:13","75","9","12","Fail","No","8b16f33ca221"
"43","Lena Fischer","29 CFR 1910","1","Hazard Communication","09/29/2026, 13:43","90","9","10","Pass","No","cbd16152eeef"
"42","Lena Fischer","29 CFR 1910","1","Hazard Communication","09/28/2026, 14:43","70","7","10","Fail","No","cbd16152eeef"
"29","Dwayne Brooks","29 CFR 1926","4","Construction Site Communication","09/28/2026, 12:48","40","4","10","Fail","No","8a1cf7fcabdd"
"40","Tom Nguyen","29 CFR 1926","2","General Safety and Health Provisions","09/26/2026, 16:12","80","8","10","Pass","No","6ee9f6b21634"
"39","Tom Nguyen","29 CFR 1926","2","General Safety and Health Provisions","09/25/2026, 17:08","50","5","10","Fail","No","6ee9f6b21634"
"28","Dwayne Brooks","29 CFR 1926","3","Personal Protective Equipment","09/24/2026, 17:28","80","8","10","Pass","No","18d04d7a19ec"
"23","Maria Gonzalez","29 CFR 1926","7","Material Handling and Storage","09/24/2026, 16:42","90","9","10","Pass","No","e4c2421e3e92"
"35","Priya Shah","29 CFR 1910","5","Machine Guarding: General Requirements","09/24/2026, 12:37","81.82","9","11","Pass","No","f20bd328ec3e"
"38","Tom Nguyen","29 CFR 1926","1","Introduction to OSHA 1926 & Worker Rights","09/22/2026, 13:21","100","10","10","Pass","No","81adc541ce09"
"27","Dwayne Brooks","29 CFR 1926","2","General Safety and Health Provisions","09/19/2026, 16:00","90","9","10","Pass","No","6ee9f6b21634"
"34","Priya Shah","29 CFR 1910","4","Powered Industrial Trucks (Forklifts)","09/19/2026, 13:11","90.91","10","11","Pass","No","7e0f38036342"
"22","Maria Gonzalez","29 CFR 1926","6","Fire Prevention and Protection","09/19/2026, 12:46","100","10","10","Pass","No","cbadb580f82d"
"26","Dwayne Brooks","29 CFR 1926","1","Introduction to OSHA 1926 & Worker Rights","09/14/2026, 17:27","80","8","10","Pass","No","81adc541ce09"
"21","Maria Gonzalez","29 CFR 1926","5","Site Planning and Setup","09/14/2026, 16:01","90","9","10","Pass","No","f0687b57e0b6"
"33","Priya Shah","29 CFR 1910","3","Respiratory Protection","09/14/2026, 15:17","81.82","9","11","Pass","No","45f9db3d14b9"
"20","Maria Gonzalez","29 CFR 1926","4","Construction Site Communication","09/09/2026, 15:35","100","10","10","Pass","No","8a1cf7fcabdd"
"32","Priya Shah","29 CFR 1910","2","Control of Hazardous Energy (Lockout/Tagout)","09/09/2026, 15:14","81.82","9","11","Pass","No","52cf60e55ea4"
"31","Priya Shah","29 CFR 1910","1","Hazard Communication","09/04/2026, 18:17","100","10","10","Pass","No","cbd16152eeef"
"19","Maria Gonzalez","29 CFR 1926","3","Personal Protective Equipment","09/04/2026, 15:11","90","9","10","Pass","No","18d04d7a19ec"
"18","Maria Gonzalez","29 CFR 1926","2","General Safety and Health Provisions","08/30/2026, 15:45","100","10","10","Pass","No","6ee9f6b21634"
"17","Maria Gonzalez","29 CFR 1926","1","Introduction to OSHA 1926 & Worker Rights","08/25/2026, 15:58","90","9","10","Pass","No","81adc541ce09"
"45","Kevin O'Brien","29 CFR 1926","1","Introduction to OSHA 1926 & Worker Rights","08/05/2026, 13:16","80","8","10","Pass","No","81adc541ce09"
