"Rank","Track","Week","Week title","Question #","Question","Times answered","Times missed","Miss rate %","Correct answer","Most common wrong answer","Times chosen","Citation"
"1","29 CFR 1926","3","Personal Protective Equipment","1","Under 1926.95(c), the employer must ensure that all PPE:","6","4","66.7","Is selected to properly fit each affected employee","Is the lowest-cost option that carries an ANSI marking, sized to fit the average worker","3","29 CFR 1926.95(c)(2)"
"2","29 CFR 1926","2","General Safety and Health Provisions","3","A scissor lift fails its pre-use check with a broken platform gate. Under 1926.20(b)(3), the employer must:","6","3","50","Tag it as unsafe or lock its controls so it cannot be operated, or physically remove it from the work area","Let the operator decide","2","29 CFR 1926.20(b)(3)"
"3","29 CFR 1926","2","General Safety and Health Provisions","8","Under 1926.25(c), containers used for oily rags, flammable waste, or other hazardous wastes must be:","6","3","50","Equipped with covers","Painted red","2","29 CFR 1926.25(c)"
"4","29 CFR 1926","2","General Safety and Health Provisions","10","How often must the employer check the contents of a job-site first aid kit under 1926.50(d)(2)?","6","3","50","Before it is sent out on each job and at least weekly on each job","Monthly","2","29 CFR 1926.50(d)(2)"
"5","29 CFR 1926","3","Personal Protective Equipment","3","When does 1926.100(a) require employees to wear protective helmets?","6","3","50","Where there is a possible danger of head injury from impact, falling or flying objects, or electrical shock and burns","Only within the swing radius of an operating crane or beneath an active hoist, where suspended loads could fall onto workers below","2","29 CFR 1926.100(a)"
"6","29 CFR 1926","3","Personal Protective Equipment","5","Under Table D-2 in 1926.52, what is the permissible daily exposure duration at 95 dBA (slow response)?","6","3","50","4 hours","1 hour","2","29 CFR 1926.52(d)(1) Table D-2"
"7","29 CFR 1926","3","Personal Protective Equipment","6","Which item may an employer choose not to pay for under 1926.95(d)(2)?","6","3","50","Non-specialty safety-toe boots that the employer allows to be worn off the job site","Replacement for a respirator that wore out in normal use","2","29 CFR 1926.95(d)(2)"
"8","29 CFR 1926","3","Personal Protective Equipment","8","A carpenter wears prescription glasses while nailing. Under 1926.102(a)(3), they must wear:","6","3","50","Eye protection that incorporates the prescription, or that fits over the prescription lenses without disturbing either lens","Regular prescription glasses only","1","29 CFR 1926.102(a)(3)"
"9","29 CFR 1926","3","Personal Protective Equipment","9","Per Table E-1 in 1926.102(c)(1), what filter shade is listed as a guide for shielded metal-arc welding with 1/8-inch electrodes?","6","3","50","Shade 10","Shade 3","1","29 CFR 1926.102(c)(1)"
"10","29 CFR 1926","3","Personal Protective Equipment","10","Which statement is consistent with 1926.101?","6","3","50","Ear protective devices inserted in the ear must be fitted or determined individually by competent persons","Hearing protection is required only where noise exceeds 115 dBA, the highest level listed in Table D-2 of 1926.52","2","29 CFR 1926.101(b)"
"11","29 CFR 1926","5","Site Planning and Setup","8","The site uses a cell phone system that does not automatically give 911 the caller's latitude and longitude. Under 1926.50(f)(2)(ii)(A), the employer must:","3","2","66.7","Post the latitude and longitude of the worksite, or other location information that effectively communicates its location, in a conspicuous place","Post nothing extra","1","29 CFR 1926.50(f)(2)(ii)(A)"
"12","29 CFR 1926","4","Construction Site Communication","4","Per Table U-1 in 1926.909, what is the warning signal before a blast?","5","2","40","A 1-minute series of long blasts 5 minutes before the blast signal","Three short horn blasts","1","29 CFR 1926.909(a) Table U-1"
"13","29 CFR 1926","4","Construction Site Communication","5","How must exits be marked in a building under construction under 1926.34(b)?","5","2","40","By a readily visible sign; access to exits must also be marked where the exit is not immediately visible","Illuminated signs in stairwells only","1","29 CFR 1926.34(b)"
"14","29 CFR 1926","4","Construction Site Communication","6","Under 1926.200(b)(1), danger signs may be used only where:","5","2","40","An immediate hazard exists","A potential hazard might develop","1","29 CFR 1926.200(b)(1)"
"15","29 CFR 1926","1","Introduction to OSHA 1926 & Worker Rights","1","Under 1926.20(a)(1), a contractor or subcontractor may not require a laborer or mechanic to work in surroundings or under conditions that are:","6","2","33.3","Unsanitary, hazardous, or dangerous to their health or safety","Outside normal daytime hours, including night shifts that run past 10 p.m. on weekdays","1","29 CFR 1926.20(a)(1)"
"16","29 CFR 1926","1","Introduction to OSHA 1926 & Worker Rights","3","Under 1903.11(a), who may request an OSHA inspection by giving notice of an alleged violation?","6","2","33.3","Any employee or representative of employees who believes a violation exists","Only the employer","1","29 CFR 1903.11(a)"
"17","29 CFR 1926","2","General Safety and Health Provisions","4","Under 1926.20(b)(4), who may operate equipment and machinery on the job?","6","2","33.3","Only employees qualified by training or experience","Anyone with a valid driver's license","2","29 CFR 1926.20(b)(4)"
"18","29 CFR 1926","2","General Safety and Health Provisions","9","A remote pipeline job has no reasonably accessible clinic, hospital, or physician. What does 1926.50(c) require?","6","2","33.3","A person with a valid first-aid certificate (or verifiable equivalent training) available at the worksite to render first aid","A physician on site","1","29 CFR 1926.50(c)"
"19","29 CFR 1926","3","Personal Protective Equipment","7","An employee brings their own safety glasses to work. Under 1926.95(b), the employer is responsible for:","6","2","33.3","Assuring its adequacy, including proper maintenance and sanitation","Nothing; employee-owned PPE is the employee's responsibility","1","29 CFR 1926.95(b)"
"20","29 CFR 1926","7","Material Handling and Storage","4","Under 1926.250(b)(5), how much material may be stored on a scaffold or runway?","1","1","100","No more than the supplies needed for immediate operations","There are no restrictions","1","29 CFR 1926.250(b)(5)"
"21","29 CFR 1926","9","Heavy Equipment Operation","3","A dozer blade will be serviced. What does 1926.600(a)(3)(i) require?","1","1","100","Blades, buckets, and dump bodies must be fully lowered or blocked when being repaired or when not in use","Raise the blade for better access","1","29 CFR 1926.600(a)(3)(i)"
"22","29 CFR 1926","9","Heavy Equipment Operation","5","What does 1926.152(g)(10) require when equipment is being refueled?","1","1","100","The motors of all equipment being fueled must be shut off during fueling","Fueling with the engine at idle, as long as a fire extinguisher is within reach of the nozzle","1","29 CFR 1926.152(g)(10)"
"23","29 CFR 1926","9","Heavy Equipment Operation","9","Under 1926.602(a)(2), seat belts must be provided on earthmoving equipment except:","1","1","100","On equipment designed only for stand-up operation, or equipment without ROPS or adequate canopy protection","On wheel tractors and graders that travel under 10 mph, or on any machine fitted with a fully enclosed cab that has latching doors","1","29 CFR 1926.602(a)(2)"
"24","29 CFR 1926","5","Site Planning and Setup","1","Steel will be staged on an elevated slab. What does 1926.250(a)(2) require?","3","1","33.3","Stored weight must not exceed maximum safe load limits, and floor load limits must be conspicuously posted in pounds per square foot (with listed exceptions)","Nothing beyond normal stacking if the slab is reinforced concrete, since floor load posting in pounds per square foot applies only to wood-framed floors and slabs on grade","1","29 CFR 1926.250(a)(2)"
"25","29 CFR 1926","5","Site Planning and Setup","4","Temporary power is being planned with 120-volt, 15/20-amp receptacles. What does 1926.404(b)(1) require to protect employees?","3","1","33.3","Ground-fault circuit interrupters, or an assured equipment grounding conductor program","A portable generator rated over 5 kW, since receptacles on larger generators are exempt from ground-fault protection","1","29 CFR 1926.404(b)(1)(i)"
