"Name","Status","Construction weeks passed (of 52)","General Industry weeks passed (of 26)","Tests taken","Last test","Needs attention"
"Alex Riviera","Pending approval","0","0","0","",""
"Chris Ortega","Pending approval","0","0","0","",""
"Jordan Lee","Pending approval","0","0","0","",""
"Alex Rivera","Active","2","1","8","Oct 4, 2026","1926 week 3 (2 fails, locked)"
"Dwayne Brooks","Active","3","0","5","Oct 1, 2026","1926 week 4 (2 fails, locked)"
"Kevin O'Brien","Deactivated","1","0","1","Aug 5, 2026",""
"Lena Fischer","Active","0","2","3","Oct 3, 2026",""
"Maria Gonzalez","Active","8","0","9","Oct 2, 2026",""
"Priya Shah","Active","0","5","7","Oct 3, 2026",""
"Sam Patel","Active","2","1","8","Oct 4, 2026","1926 week 3 (2 fails, locked)"
"Tom Nguyen","Active","2","0","4","Oct 2, 2026",""
